STATNAME,Total Literacy Rate,High or Low,Primary Schools,Upper Primary with secondary,Primary School(Government),Upper Primary with Secondary(government),Primary School(private),Upper primary with secondary(private),Primary School(Schools approachabe by all weather road),Upper primary with secondary(Schools approachabe by all weather road),Primary Schools(with electricity),Upper primary with secondary(with electricity),Primary schools(need minor repairs),Upper primary with secondary(need minor repair),Primary schools(need major repair),Upper primary with secondary(need major repair)
JAMMU & KASHMIR,66.92,Low,1107,49,980,49,127,0,836,41,44,25,877,85,199,22
JAMMU & KASHMIR,66.93,Low,1215,69,1108,69,107,0,1052,65,278,57,970,83,400,28
JAMMU & KASHMIR,71.21,Low,258,9,203,9,55,0,248,9,96,8,76,7,0,0
JAMMU & KASHMIR,57.98,Low,755,57,697,57,56,0,735,56,70,25,416,49,194,30
JAMMU & KASHMIR,65,Low,532,43,497,43,35,0,486,42,29,35,378,49,161,9
JAMMU & KASHMIR,64.32,Low,779,48,691,48,88,0,698,47,52,43,473,48,154,18
JAMMU & KASHMIR,80.48,High,176,0,144,0,32,0,159,0,30,0,196,0,34,0
JAMMU & KASHMIR,74.49,High,229,28,213,27,16,1,210,27,4,7,205,41,59,1
JAMMU & KASHMIR,65.97,Low,756,8,656,8,100,0,578,8,51,6,294,8,123,2
JAMMU & KASHMIR,69.9,Low,983,3,906,3,77,0,516,3,146,3,262,2,156,0
JAMMU & KASHMIR,68.69,Low,1037,4,930,4,107,0,523,4,57,4,357,0,253,0
JAMMU & KASHMIR,68.54,Low,1112,4,999,4,113,0,662,4,136,2,350,5,214,3
JAMMU & KASHMIR,83.98,High,1078,8,948,8,130,0,914,8,387,4,345,19,151,1
JAMMU & KASHMIR,73.5,High,989,4,900,4,89,0,689,1,177,2,361,3,100,3
JAMMU & KASHMIR,62.49,Low,349,13,314,13,35,0,328,13,51,12,175,0,58,2
JAMMU & KASHMIR,57.82,Low,401,26,389,26,12,0,367,26,11,25,342,31,64,1
JAMMU & KASHMIR,58.54,Low,470,3,420,3,50,0,318,3,34,0,261,1,85,3
JAMMU & KASHMIR,56.9,Low,554,1,503,1,51,0,343,1,158,1,203,0,120,0
JAMMU & KASHMIR,59.99,Low,372,12,344,12,28,0,332,12,28,12,167,7,60,9
JAMMU & KASHMIR,60.35,Low,424,24,356,24,68,0,299,20,30,16,198,10,55,13
JAMMU & KASHMIR,59.42,Low,711,0,684,0,27,0,222,0,79,0,253,0,136,0
JAMMU & KASHMIR,82.48,High,317,1,284,1,33,0,257,1,194,1,152,3,60,2
HIMACHAL PRADESH,73.19,Low,1222,80,1166,80,56,0,752,49,1062,78,716,40,637,20
HIMACHAL PRADESH,86.49,High,1806,183,1707,183,99,0,1554,167,1771,182,858,113,925,35
HIMACHAL PRADESH,77.24,High,201,10,198,10,3,0,128,3,112,8,51,12,34,1
HIMACHAL PRADESH,80.14,High,786,50,754,50,32,0,468,34,581,49,617,47,320,18
HIMACHAL PRADESH,82.81,High,1814,115,1733,113,81,2,1257,95,1787,115,1052,50,753,16
HIMACHAL PRADESH,89.01,High,534,64,489,63,45,1,494,63,534,64,196,31,172,5
HIMACHAL PRADESH,87.23,High,519,49,500,48,18,1,466,49,518,49,263,24,199,9
HIMACHAL PRADESH,85.67,High,643,47,591,47,52,0,520,44,637,47,451,39,322,17
HIMACHAL PRADESH,85.02,High,833,58,766,58,67,0,701,53,815,58,427,40,411,22
HIMACHAL PRADESH,79.98,High,1055,85,1022,85,33,0,714,61,907,83,650,74,610,25
HIMACHAL PRADESH,84.55,High,1713,124,1607,124,106,0,1710,124,1178,107,1347,86,967,52
HIMACHAL PRADESH,80.77,High,201,19,183,19,18,0,196,18,195,19,147,12,59,0
PUNJAB,81.06,High,1206,106,1113,102,85,4,1199,106,1206,106,758,71,56,0
PUNJAB,77.2,High,1026,126,996,122,18,4,1012,126,1026,126,419,44,112,6
PUNJAB,80.18,High,572,76,539,74,33,2,568,75,572,76,197,19,79,19
PUNJAB,82.4,High,1119,129,992,116,9,9,1117,129,1119,129,254,18,239,10
PUNJAB,85.43,High,1322,146,1254,143,66,3,1322,146,1317,146,486,33,201,10
PUNJAB,80.33,High,438,60,424,54,14,6,436,60,438,60,57,2,46,7
PUNJAB,83.28,High,581,65,559,61,4,3,578,64,581,65,367,15,36,3
PUNJAB,80.33,High,469,44,448,44,2,0,469,44,469,44,87,4,88,8
PUNJAB,82.54,High,1194,170,1036,168,156,2,1184,170,1194,170,245,22,276,27
PUNJAB,71.59,Low,381,78,362,78,19,0,381,78,381,78,158,26,135,12
PUNJAB,69.85,Low,655,70,627,70,28,0,654,70,653,70,231,14,429,46
PUNJAB,66.79,Low,376,64,332,64,44,0,374,64,376,64,16,1,90,13
PUNJAB,70.65,Low,275,47,248,47,27,0,275,47,275,47,133,10,104,17
PUNJAB,69.57,Low,439,83,397,83,42,0,439,83,439,83,130,16,34,7
PUNJAB,62.78,Low,309,69,297,69,10,0,309,69,309,69,104,14,35,0
PUNJAB,68.88,Low,746,106,668,106,69,0,746,106,746,106,178,31,50,9
PUNJAB,76.26,High,1054,98,961,98,92,0,1054,98,1054,98,468,53,613,47
PUNJAB,84.87,High,482,63,444,63,38,0,474,63,481,63,163,26,267,44
PUNJAB,69.43,Low,577,111,516,110,54,1,577,111,577,111,323,37,286,36
PUNJAB,68.9,Low,200,50,186,50,14,0,200,50,200,50,72,0,11,11
PUNJAB,73.39,Low,543,73,469,72,73,1,542,73,543,73,153,10,60,13
PUNJAB,73.39,Low,407,35,382,35,24,0,407,35,405,35,252,31,21,0
CHANDIGARH,86.43,High,12,0,7,0,4,0,12,0,12,0,0,0,2,0
UTTARAKHAND,75.98,High,924,7,771,4,151,3,554,7,518,5,443,2,411,2
UTTARAKHAND,83.48,High,1093,88,972,84,108,4,788,58,272,59,504,81,793,39
UTTARAKHAND,82.09,High,672,35,569,25,103,10,567,27,455,29,242,23,360,15
UTTARAKHAND,75.1,High,1702,52,1476,47,215,5,1240,34,1025,43,728,37,1012,27
UTTARAKHAND,85.24,High,1381,56,962,50,397,6,1050,34,1200,51,710,54,770,40
UTTARAKHAND,82.59,High,1814,135,1647,121,167,14,1188,83,1026,110,812,132,1002,145
UTTARAKHAND,82.93,High,1356,95,1190,89,124,6,1004,62,474,69,666,65,1019,106
UTTARAKHAND,80.69,High,711,41,604,33,105,8,467,19,489,34,381,36,497,30
UTTARAKHAND,81.06,High,1598,116,1412,100,172,16,1007,71,811,94,715,80,1134,88
UTTARAKHAND,80.73,High,586,50,510,44,76,6,421,39,275,40,287,43,403,35
UTTARAKHAND,84.85,High,1252,83,985,77,255,6,1005,63,969,76,573,66,596,55
UTTARAKHAND,74.44,High,1272,91,810,69,412,21,1199,83,1124,88,603,74,575,47
UTTARAKHAND,74.62,High,1136,46,691,40,369,6,1061,38,958,38,728,40,417,21
HARYANA,83.44,High,301,23,275,23,24,0,268,23,274,23,175,7,176,27
HARYANA,82.89,High,547,78,489,74,40,4,542,78,547,78,220,33,184,8
HARYANA,78.93,High,638,59,611,58,21,1,622,58,617,59,312,41,180,22
HARYANA,76.7,High,549,52,497,49,18,3,546,52,549,52,267,42,169,17
HARYANA,70.56,Low,439,53,379,53,46,0,434,53,418,52,347,56,213,14
HARYANA,76.44,High,607,82,496,79,27,3,600,82,575,81,254,33,226,25
HARYANA,77.46,High,288,32,247,31,28,1,286,32,278,32,199,11,169,3
HARYANA,80.83,High,536,83,434,83,76,0,530,82,533,83,268,41,332,48
HARYANA,72.73,Low,474,114,436,113,35,1,458,109,463,112,334,59,211,45
HARYANA,69.13,Low,461,71,391,71,21,0,450,70,458,71,155,22,178,21
HARYANA,70.35,Low,594,96,533,96,34,0,579,95,584,96,283,70,182,32
HARYANA,73.24,Low,587,154,515,138,24,16,575,149,580,154,252,49,334,83
HARYANA,76.74,High,737,136,674,133,60,3,713,136,710,134,334,56,353,49
HARYANA,80.37,High,274,56,230,45,33,11,273,56,274,56,111,14,125,11
HARYANA,80.83,High,357,48,307,46,44,2,355,48,353,48,183,24,257,17
HARYANA,78.87,High,521,52,500,51,12,1,488,50,481,51,324,27,266,18
HARYANA,82.23,High,466,62,412,60,41,2,456,61,450,62,201,17,178,10
HARYANA,84.44,High,424,50,383,49,38,1,419,48,414,50,178,5,116,6
HARYANA,83.04,High,295,39,240,38,55,1,290,39,277,38,157,35,150,23
HARYANA,56.14,Low,500,45,493,45,5,0,466,44,447,42,426,26,427,15
HARYANA,70.32,Low,399,52,360,52,38,0,394,52,358,50,279,29,311,54
DELHI,84.66,High,561,17,432,17,129,0,561,17,560,17,465,7,427,0
DELHI,86.81,High,187,14,120,10,67,4,187,14,187,14,78,8,64,0
DELHI,82.8,High,430,20,197,18,233,2,430,20,430,20,236,25,106,14
DELHI,88.75,High,331,13,191,11,140,2,331,13,330,13,207,56,98,18
DELHI,89.38,High,24,0,17,0,7,0,24,0,24,0,13,0,4,0
DELHI,85.25,High,114,10,85,5,29,5,114,10,114,10,180,11,62,0
DELHI,87.12,High,361,18,226,12,135,6,361,18,359,18,247,1,223,16
DELHI,88.81,High,301,6,189,6,112,0,301,6,300,6,140,0,39,0
DELHI,87.03,High,446,19,271,18,175,1,446,19,446,19,577,30,96,19
RAJASTHAN,70.25,Low,1127,23,995,10,130,13,795,18,435,23,329,8,267,1
RAJASTHAN,68.37,Low,383,10,351,5,19,4,279,10,120,10,125,4,72,8
RAJASTHAN,65.92,Low,1502,17,1226,8,222,9,1010,17,297,17,758,11,477,0
RAJASTHAN,67.46,Low,549,26,426,23,63,3,354,25,158,25,295,27,142,14
RAJASTHAN,74.72,High,729,21,590,10,89,11,541,19,453,20,241,5,170,10
RAJASTHAN,71.68,Low,1446,11,1129,5,222,6,892,10,296,11,515,3,288,0
RAJASTHAN,71.16,Low,808,16,670,5,93,11,453,15,153,15,251,3,286,1
RAJASTHAN,70.14,Low,673,4,586,1,52,3,491,4,52,3,225,0,248,0
RAJASTHAN,67.34,Low,856,10,743,7,73,3,495,10,105,9,395,3,359,3
RAJASTHAN,66.19,Low,674,11,487,3,70,8,423,11,134,10,233,0,199,0
RAJASTHAN,69.17,Low,903,8,777,0,94,8,627,8,105,8,335,0,209,0
RAJASTHAN,76.44,High,2438,35,1792,19,530,16,1805,33,756,32,881,6,439,4
RAJASTHAN,72.98,Low,880,21,745,14,79,7,611,19,141,20,252,2,153,9
RAJASTHAN,64.08,Low,1845,13,1566,13,140,0,1126,11,276,12,797,6,332,9
RAJASTHAN,67.09,Low,2521,22,2195,8,239,14,1551,21,389,20,1122,5,581,2
RAJASTHAN,58.04,Low,1043,15,856,6,102,9,501,15,159,14,620,7,328,3
RAJASTHAN,57.49,Low,3499,9,3198,8,107,1,2045,7,373,8,1984,1,1034,1
RAJASTHAN,55.58,Low,1223,6,1068,1,128,5,668,5,168,6,732,3,436,0
RAJASTHAN,56.02,Low,601,3,473,2,116,1,419,3,196,3,229,0,166,0
RAJASTHAN,63.23,Low,840,18,657,3,145,15,516,18,237,17,343,0,120,0
RAJASTHAN,70.46,Low,1083,6,758,0,253,6,751,6,390,6,341,3,163,2
RAJASTHAN,62.46,Low,970,9,703,3,24,6,613,7,237,8,372,0,176,0
RAJASTHAN,62.31,Low,820,5,694,4,84,1,480,5,130,5,395,2,219,6
RAJASTHAN,62.71,Low,1889,9,1499,2,335,7,1347,7,467,9,711,0,409,0
RAJASTHAN,63.93,Low,1061,7,924,4,130,3,777,7,313,7,502,0,287,2
RAJASTHAN,62.74,Low,3041,13,2745,10,270,3,1681,12,313,11,1671,9,1099,5
RAJASTHAN,60.78,Low,1870,13,1688,11,177,2,1421,13,178,12,981,5,826,5
RAJASTHAN,57.2,Low,2357,9,2099,5,236,4,1669,9,191,8,1300,0,720,0
RAJASTHAN,62.51,Low,1124,8,863,2,244,5,773,8,266,8,407,0,229,0
RAJASTHAN,77.48,High,650,9,430,4,104,5,533,9,219,9,186,0,103,0
RAJASTHAN,67.38,Low,1047,4,906,4,64,0,473,3,120,4,381,0,283,0
RAJASTHAN,62.13,Low,928,5,830,5,45,0,453,4,85,5,319,0,200,5
RAJASTHAN,56.3,Low,1197,2,1071,1,110,1,614,1,146,2,440,0,406,0
UTTAR PRADESH,72.03,Low,2646,14,1365,0,1179,14,2601,12,1686,13,825,0,358,0
UTTAR PRADESH,70.11,Low,1784,10,882,0,897,10,1745,9,1209,7,861,0,227,0
UTTAR PRADESH,70.43,Low,3261,52,1792,1,1382,50,3243,49,1435,42,1171,6,297,0
UTTAR PRADESH,58.67,Low,1989,41,1200,0,609,41,1960,41,763,30,1057,0,566,0
UTTAR PRADESH,55.08,Low,2091,24,1324,0,638,24,2026,24,746,18,1018,2,436,0
UTTAR PRADESH,65.7,Low,1684,22,1078,0,511,22,1666,22,845,19,739,3,254,0
UTTAR PRADESH,74.8,High,1670,51,929,5,672,46,1665,51,1208,35,2097,29,165,12
UTTAR PRADESH,73.54,High,703,17,488,0,211,17,702,17,438,15,30,0,0,0
UTTAR PRADESH,85,High,900,12,420,0,477,12,899,12,640,10,332,2,71,0
UTTAR PRADESH,82.2,High,838,13,476,0,362,13,803,13,664,11,245,2,114,0
UTTAR PRADESH,70.23,Low,2513,51,1643,1,866,50,2426,42,1254,36,529,0,192,0
UTTAR PRADESH,69.61,Low,2546,162,1759,0,752,162,2500,157,1081,127,639,9,190,0
UTTAR PRADESH,73.1,Low,1479,43,1081,0,397,43,1401,37,675,35,1408,10,225,3
UTTAR PRADESH,72.65,Low,2098,42,1364,0,731,42,1942,39,1119,38,1112,3,438,1
UTTAR PRADESH,69.44,Low,3048,62,2088,1,958,61,2972,62,1703,56,1625,1,761,2
UTTAR PRADESH,74.6,High,1971,35,1526,1,428,34,1944,35,921,33,666,0,244,2
UTTAR PRADESH,73.27,Low,1896,134,1367,1,527,133,1826,125,534,80,1227,4,533,1
UTTAR PRADESH,78.26,High,2320,76,1608,0,712,76,2216,67,698,65,683,8,326,4
UTTAR PRADESH,52.91,Low,2268,45,1802,0,429,44,2205,44,594,33,946,4,455,0
UTTAR PRADESH,60.52,Low,2753,36,2105,0,626,36,2730,36,755,16,1529,0,537,0
UTTAR PRADESH,63.58,Low,1596,15,1230,0,348,15,1585,14,609,3,1070,3,291,0
UTTAR PRADESH,61.61,Low,2992,26,2292,0,588,26,2823,24,869,16,2057,12,685,1
UTTAR PRADESH,62.71,Low,3302,24,2734,0,544,24,3203,24,928,13,3264,3,952,9
UTTAR PRADESH,63.38,Low,3786,23,3059,11,688,12,3786,23,1003,8,4063,18,1054,10
UTTAR PRADESH,68.89,Low,3799,81,2851,13,934,68,3503,65,759,43,3498,33,858,5
UTTAR PRADESH,68.29,Low,3057,32,2304,0,663,32,3057,32,1114,23,1605,1,282,3
UTTAR PRADESH,79.33,High,2761,62,1374,16,1366,46,2716,57,1509,45,1258,42,382,3
UTTAR PRADESH,69.04,Low,2460,41,1976,0,481,41,2273,35,902,31,2024,11,576,0
UTTAR PRADESH,70.57,Low,1663,29,1289,0,357,29,1492,28,481,20,2025,13,504,7
UTTAR PRADESH,74.01,High,1586,43,1211,0,365,43,1441,38,559,37,1008,1,250,0
UTTAR PRADESH,79.99,High,1944,30,1241,0,691,30,1913,26,831,25,975,0,172,3
UTTAR PRADESH,80.25,High,1564,23,1063,0,496,23,1503,16,702,20,791,5,101,0
UTTAR PRADESH,77.52,High,1814,47,1605,0,198,47,1736,38,499,25,877,8,279,0
UTTAR PRADESH,81.31,High,2886,24,1616,0,1236,24,2873,23,1232,18,1690,5,320,0
UTTAR PRADESH,75.16,High,1611,18,1257,0,335,18,1492,16,645,8,1090,3,422,1
UTTAR PRADESH,76.37,High,1432,24,1198,10,220,14,1375,24,775,17,572,9,420,0
UTTAR PRADESH,64.95,Low,1262,18,1049,1,213,17,1191,17,463,15,140,0,75,0
UTTAR PRADESH,70.16,Low,1168,20,803,0,347,20,1113,20,542,14,1016,11,309,6
UTTAR PRADESH,66.94,Low,831,4,674,0,157,4,819,3,522,3,385,0,55,0
UTTAR PRADESH,68.11,Low,1619,9,1397,2,216,7,1489,7,404,6,1326,0,662,2
UTTAR PRADESH,66.52,Low,1110,5,992,0,118,5,1017,5,378,4,498,0,211,0
UTTAR PRADESH,68.78,Low,2503,36,1907,0,590,36,2357,34,574,16,955,2,400,1
UTTAR PRADESH,73.1,Low,2973,55,2037,0,894,51,2786,47,780,32,1769,4,441,0
UTTAR PRADESH,63.69,Low,1200,22,948,0,237,21,1176,20,623,18,536,0,211,0
UTTAR PRADESH,74.41,High,3189,126,2505,1,666,124,3099,113,910,94,2359,40,1073,0
UTTAR PRADESH,63.76,Low,2486,12,2180,0,302,12,2486,12,778,11,1216,2,672,0
UTTAR PRADESH,70.63,Low,2291,21,1531,0,710,21,2156,21,796,18,1587,0,624,0
UTTAR PRADESH,74.37,High,2113,43,1354,0,621,42,2033,34,659,27,904,0,324,0
UTTAR PRADESH,71.14,Low,2195,27,1726,0,461,27,2096,26,608,18,1576,1,1113,0
UTTAR PRADESH,51.1,Low,2802,29,2475,0,275,29,2493,24,527,20,3071,2,1032,1
UTTAR PRADESH,49.13,Low,1065,19,888,1,120,18,1008,18,99,12,906,2,335,0
UTTAR PRADESH,51.76,Low,1770,10,1581,0,184,10,1657,8,224,8,671,0,230,0
UTTAR PRADESH,61.16,Low,2846,54,2232,1,430,51,2501,52,584,28,2150,5,1103,0
UTTAR PRADESH,61.81,Low,2130,43,1889,0,162,43,2039,42,683,32,1660,1,851,0
UTTAR PRADESH,69.69,Low,2120,52,1749,0,349,51,2059,50,1037,45,1782,5,635,10
UTTAR PRADESH,69.01,Low,1277,26,1075,0,145,26,1247,25,431,18,654,0,443,0
UTTAR PRADESH,64.3,Low,1963,8,1485,1,462,7,1802,7,826,6,1602,0,465,0
UTTAR PRADESH,73.25,Low,2788,25,2164,0,609,25,2681,23,991,21,2995,12,1255,3
UTTAR PRADESH,67.66,Low,2710,26,2202,0,412,26,2593,25,739,18,2053,7,1185,3
UTTAR PRADESH,73.53,High,2478,64,1955,0,519,64,2393,57,689,44,2363,8,976,4
UTTAR PRADESH,72.69,Low,3423,43,2350,1,1008,42,3286,36,1111,33,1957,8,1117,4
UTTAR PRADESH,75.16,High,1472,55,1106,0,364,55,1308,44,583,53,922,4,320,0
UTTAR PRADESH,73.82,High,2421,52,2076,0,326,52,2328,43,523,35,1958,10,938,2
UTTAR PRADESH,73.66,High,3603,45,2447,0,1095,44,3530,44,1093,32,1472,22,636,9
UTTAR PRADESH,74.27,High,3415,157,2010,0,1379,156,3294,145,1129,145,2279,38,900,0
UTTAR PRADESH,73.86,High,1228,32,1000,0,226,32,1180,32,496,26,670,0,450,0
UTTAR PRADESH,77.05,High,1370,34,1027,0,334,34,1365,33,496,23,1116,7,654,0
UTTAR PRADESH,73.39,Low,1405,29,1046,0,337,29,1385,28,424,20,689,0,507,0
UTTAR PRADESH,70.38,Low,2054,27,1613,0,403,27,1965,26,556,16,1527,23,946,3
UTTAR PRADESH,66.18,Low,2033,22,1814,0,203,22,1872,21,304,15,999,0,486,0
UTTAR PRADESH,71.1,Low,1027,12,751,0,249,12,972,11,395,8,843,0,374,0
UTTAR PRADESH,62.3,Low,1398,53,996,1,398,52,1325,42,421,26,1112,9,259,4
UTTAR PRADESH,73.39,Low,1681,17,1332,0,344,17,1568,16,439,13,1513,5,810,0
UTTAR PRADESH,73.39,Low,1015,8,539,0,470,8,989,8,730,6,622,3,82,0
UTTAR PRADESH,73.39,Low,611,18,445,0,154,18,591,16,306,16,260,0,73,0
BIHAR,58.06,Low,1688,15,1641,10,23,5,1567,13,359,2,769,6,966,12
BIHAR,58.26,Low,2017,7,1970,6,28,1,1801,7,232,2,647,2,558,0
BIHAR,56,Low,243,1,233,1,10,0,208,1,34,0,78,0,115,6
BIHAR,53.53,Low,1235,13,1202,11,17,2,928,12,156,3,404,0,417,5
BIHAR,60.9,Low,2010,14,1959,14,51,0,1787,14,516,1,949,7,882,12
BIHAR,59.65,Low,1108,3,1089,3,7,0,1017,3,123,2,308,8,356,0
BIHAR,55.1,Low,1380,3,1327,1,41,1,1128,3,250,1,584,0,536,4
BIHAR,57.04,Low,835,0,816,0,8,0,651,0,88,0,300,0,211,0
BIHAR,52.49,Low,1422,3,1389,1,14,2,1107,3,279,2,560,0,479,2
BIHAR,53.56,Low,1152,2,1114,2,28,0,947,2,160,1,491,0,390,0
BIHAR,53.78,Low,786,6,761,4,9,2,710,6,84,3,245,5,258,5
BIHAR,54.57,Low,803,4,765,4,14,0,623,4,151,3,259,6,323,1
BIHAR,58.26,Low,1567,7,1511,7,17,0,1211,7,363,0,527,11,552,8
BIHAR,65.68,Low,1715,3,1664,2,10,0,1568,3,532,2,1220,0,856,5
BIHAR,67.04,Low,1140,6,1103,6,13,0,891,6,310,1,337,3,347,0
BIHAR,71.59,Low,1299,4,1235,3,0,1,1118,3,225,2,697,2,447,0
BIHAR,68.57,Low,1549,7,1500,4,6,3,1337,7,419,6,555,0,443,2
BIHAR,68.56,Low,1175,11,1111,1,19,10,1056,11,234,5,385,2,285,0
BIHAR,63.81,Low,1731,4,1656,3,23,1,1640,4,410,0,520,1,477,4
BIHAR,66.23,Low,863,3,804,3,37,0,781,3,167,1,296,0,107,0
BIHAR,60.87,Low,558,3,545,3,2,0,343,3,71,2,224,0,159,3
BIHAR,64.96,Low,965,10,924,7,7,3,870,10,343,4,349,2,314,7
BIHAR,60.12,Low,1228,3,1199,2,11,1,915,3,166,2,529,1,435,0
BIHAR,73.3,Low,663,1,633,1,22,0,488,1,94,0,225,0,209,0
BIHAR,64.95,Low,496,2,485,1,2,1,411,2,89,1,156,0,182,0
BIHAR,65.96,Low,297,0,268,0,28,0,217,0,66,0,108,0,123,0
BIHAR,66.41,Low,1466,0,1375,0,27,0,1105,0,414,0,480,0,563,0
BIHAR,72.47,Low,2281,32,2157,11,16,21,2062,31,832,20,861,7,899,0
BIHAR,72.79,Low,1247,22,1210,15,7,7,1055,19,162,8,503,15,475,12
BIHAR,71.77,Low,738,14,703,12,2,2,541,13,182,6,336,26,192,15
BIHAR,71.01,Low,638,3,613,3,0,0,485,3,153,2,234,0,275,0
BIHAR,75.59,High,1412,18,1303,6,28,11,1123,15,423,5,634,3,592,1
BIHAR,68.27,Low,562,8,547,2,1,5,454,8,140,5,196,0,181,0
BIHAR,72.77,Low,1138,3,1093,2,23,1,921,3,149,2,406,4,348,0
BIHAR,66.35,Low,1721,6,1699,4,3,2,1167,5,374,2,874,6,797,4
BIHAR,61.63,Low,1020,2,992,1,18,1,871,2,182,1,420,0,402,0
BIHAR,62.16,Low,902,2,860,2,5,0,753,2,117,1,221,0,247,0
BIHAR,69.54,Low,355,1,334,1,2,0,254,1,75,0,97,0,129,0
SIKKIM,77.39,High,71,1,62,1,9,0,64,1,38,1,75,0,78,0
SIKKIM,78.69,High,209,1,146,1,63,0,142,1,126,1,258,0,125,0
SIKKIM,82.06,High,215,0,142,0,73,0,163,0,120,0,218,0,158,0
SIKKIM,84.67,High,211,2,139,2,72,0,190,2,201,2,239,2,129,0
ARUNACHAL PRADESH,60.61,Low,87,2,85,2,2,0,47,2,22,2,109,4,33,0
ARUNACHAL PRADESH,69.4,Low,136,2,123,2,13,0,102,2,28,2,70,0,22,0
ARUNACHAL PRADESH,62.48,Low,210,1,200,1,10,0,50,1,18,1,177,0,146,0
ARUNACHAL PRADESH,82.14,High,213,6,200,6,5,0,73,3,38,4,222,13,86,4
ARUNACHAL PRADESH,76.33,High,158,2,151,2,7,0,103,2,18,1,163,5,94,6
ARUNACHAL PRADESH,63.96,Low,166,1,151,1,15,0,147,1,21,1,99,0,94,0
ARUNACHAL PRADESH,67.62,Low,178,2,160,2,18,0,73,1,35,2,283,5,171,3
ARUNACHAL PRADESH,73.54,High,83,7,77,7,6,0,41,7,10,4,90,14,100,11
ARUNACHAL PRADESH,59.94,Low,74,2,68,2,6,0,71,2,26,2,62,6,70,7
ARUNACHAL PRADESH,64.8,Low,14,0,12,0,2,0,14,0,3,0,25,0,2,0
ARUNACHAL PRADESH,69.88,Low,62,2,53,2,9,0,59,2,21,2,48,5,21,0
ARUNACHAL PRADESH,61.9,Low,235,4,222,4,5,0,155,4,103,4,205,1,83,0
ARUNACHAL PRADESH,52.23,Low,88,1,82,1,6,0,74,1,21,0,94,1,33,1
ARUNACHAL PRADESH,50.67,Low,122,0,114,0,8,0,14,0,12,0,61,0,42,0
ARUNACHAL PRADESH,70.38,Low,74,1,63,1,11,0,58,1,23,0,31,5,23,3
ARUNACHAL PRADESH,59.4,Low,60,2,54,2,0,0,47,2,5,1,31,0,26,0
ARUNACHAL PRADESH,73.39,Low,67,1,62,1,5,0,55,1,9,0,80,0,36,0
ARUNACHAL PRADESH,73.39,Low,142,0,127,0,15,0,142,0,20,0,147,0,39,0
ARUNACHAL PRADESH,73.39,Low,106,1,103,1,3,0,12,1,12,1,66,0,31,0
ARUNACHAL PRADESH,73.39,Low,88,2,84,2,4,0,20,2,5,2,88,4,90,0
NAGALAND,56.6,Low,162,18,137,18,25,0,134,14,19,8,101,19,181,5
NAGALAND,73.7,High,124,22,115,22,9,0,6,5,8,7,218,16,77,17
NAGALAND,92.68,High,138,23,130,22,8,1,130,23,64,21,145,23,109,11
NAGALAND,86.26,High,126,11,123,11,3,0,121,10,8,10,206,9,36,12
NAGALAND,87.6,High,108,15,97,15,11,0,96,13,10,7,136,19,25,7
NAGALAND,85.44,High,144,12,135,12,9,0,106,10,60,9,156,6,56,18
NAGALAND,85.58,High,129,11,109,11,20,0,126,10,40,9,40,4,22,2
NAGALAND,79.13,High,122,32,105,32,17,0,93,30,24,25,195,25,66,50
NAGALAND,71.1,Low,62,13,55,13,7,0,58,13,0,7,100,10,52,7
NAGALAND,73.1,Low,72,13,67,13,5,0,56,12,2,6,17,6,1,14
NAGALAND,79,High,78,9,73,9,5,0,56,9,16,6,64,3,42,7
MANIPUR,75,High,625,2,543,2,73,0,455,2,51,2,534,0,664,0
MANIPUR,70.4,Low,331,1,296,1,35,0,173,1,16,1,288,7,590,0
MANIPUR,84.29,High,351,1,292,0,45,1,219,0,19,0,322,0,283,0
MANIPUR,76.35,High,183,16,142,12,38,4,179,16,18,13,145,26,131,24
MANIPUR,76.66,High,275,35,207,20,58,15,252,33,41,22,262,51,258,22
MANIPUR,86.7,High,258,50,202,36,52,14,240,44,18,37,321,64,206,40
MANIPUR,82.81,High,373,41,300,29,69,12,355,41,44,35,531,49,446,62
MANIPUR,81.87,High,270,3,230,2,40,1,213,3,7,2,304,3,626,3
MANIPUR,70.85,Low,285,4,244,2,41,2,228,4,32,3,238,10,340,1
MIZORAM,85.96,High,184,0,149,0,35,0,183,0,87,0,261,0,185,0
MIZORAM,94.54,High,116,0,90,0,26,0,110,0,81,0,185,0,54,0
MIZORAM,98.5,High,308,0,274,0,34,0,308,0,238,0,519,0,169,0
MIZORAM,93.51,High,163,0,145,0,18,0,163,0,108,0,172,0,133,0
MIZORAM,98.76,High,83,0,69,0,14,0,79,0,76,0,152,0,116,0
MIZORAM,89.4,High,319,0,257,0,60,0,285,0,94,0,345,0,667,0
MIZORAM,66.41,Low,268,0,223,0,45,0,227,0,57,0,317,0,262,0
MIZORAM,88.41,High,120,0,107,0,13,0,118,0,28,0,109,0,106,0
TRIPURA,88.91,High,338,3,282,2,29,1,296,3,72,3,266,2,152,3
TRIPURA,85.41,High,341,1,334,1,3,0,250,1,27,1,199,2,185,0
TRIPURA,86.82,High,543,0,512,0,28,0,327,0,36,0,450,0,406,0
TRIPURA,88.29,High,242,2,206,2,17,0,192,2,46,1,183,3,116,0
TRIPURA,73.39,Low,328,0,245,0,17,0,283,0,24,0,205,0,154,0
TRIPURA,73.39,Low,267,2,257,2,7,0,218,2,34,2,173,3,124,0
TRIPURA,73.39,Low,300,2,266,2,18,0,198,2,60,2,264,0,209,3
TRIPURA,73.39,Low,209,0,154,0,21,0,167,0,28,0,189,0,98,0
MEGHALAYA,68.38,Low,1481,27,1054,3,426,24,596,25,104,23,1006,33,778,19
MEGHALAYA,75.51,High,560,6,439,1,121,5,266,5,42,6,403,15,424,10
MEGHALAYA,72.39,Low,700,3,540,0,159,3,271,2,76,2,390,3,468,2
MEGHALAYA,79.3,High,1299,11,512,3,784,8,468,9,120,9,1341,27,658,3
MEGHALAYA,77.22,High,799,7,465,0,334,7,398,5,110,4,793,6,783,4
MEGHALAYA,84.7,High,1572,54,585,5,947,48,1247,54,439,47,1709,52,1065,20
MEGHALAYA,63.26,Low,803,9,521,3,264,5,610,8,88,7,526,7,432,3
MEGHALAYA,73.39,Low,532,13,368,5,164,8,381,13,36,13,419,14,259,16
MEGHALAYA,73.39,Low,487,8,344,3,135,4,292,8,50,4,292,4,184,3
MEGHALAYA,73.39,Low,598,6,233,0,365,6,229,4,31,6,522,7,337,3
MEGHALAYA,73.39,Low,531,7,374,0,157,7,228,6,19,6,339,4,345,2
ASSAM,66.63,Low,2208,7,1515,6,40,1,1868,6,127,7,803,19,1348,13
ASSAM,59.36,Low,2989,41,2176,33,119,7,2277,35,226,30,629,49,2102,89
ASSAM,68.67,Low,1812,31,1500,23,53,7,1513,28,175,22,854,29,1382,47
ASSAM,70.44,Low,1006,14,847,13,17,1,768,12,115,13,343,14,982,21
ASSAM,65.03,Low,2282,94,1952,79,98,9,1365,80,197,80,1065,141,2225,224
ASSAM,72.81,Low,2166,84,1900,79,34,3,1851,79,182,81,998,115,2354,213
ASSAM,79.89,High,1142,54,998,54,35,0,953,51,180,52,607,92,1149,120
ASSAM,64.55,Low,1188,45,1098,41,22,1,965,44,117,42,476,35,947,114
ASSAM,69.37,Low,1372,28,1238,21,11,3,1022,27,87,24,735,21,1090,46
ASSAM,73.78,High,3011,81,2681,65,39,12,2682,78,511,70,2056,90,1847,180
ASSAM,69.96,Low,2432,56,2038,47,13,5,1899,54,302,50,1229,89,1844,118
ASSAM,78.39,High,2129,121,1837,93,18,15,1743,102,180,72,835,104,1960,260
ASSAM,69.07,Low,1551,34,1290,22,8,8,1478,32,98,16,391,13,1218,83
ASSAM,70.92,Low,1326,34,1255,18,38,11,1092,34,240,28,1035,69,890,50
ASSAM,76.22,High,1611,47,1586,35,6,6,1316,46,293,43,1018,41,1359,61
ASSAM,81.36,High,1971,84,1925,78,34,5,1864,81,196,79,988,119,1652,132
ASSAM,83.42,High,1982,80,1760,62,17,16,1688,73,447,63,1380,87,1407,177
ASSAM,78.31,High,1441,39,1332,30,40,7,926,35,203,35,691,68,1649,74
ASSAM,73.52,High,1960,96,1802,80,79,16,1617,91,164,78,1255,116,1690,78
ASSAM,78.99,High,790,19,776,18,11,1,631,19,20,17,251,13,491,20
ASSAM,80.36,High,2328,35,2065,30,74,3,1816,24,198,31,755,30,1170,79
ASSAM,79.72,High,2422,35,1635,23,114,9,1718,32,142,24,761,28,840,11
ASSAM,75.26,High,2688,43,1238,28,10,11,1794,41,112,31,502,42,881,30
ASSAM,70.53,Low,1720,25,1467,24,13,0,1506,24,84,24,799,57,1478,58
ASSAM,64.71,Low,1015,5,839,3,8,1,849,5,92,5,359,7,874,10
ASSAM,66.6,Low,1387,17,1192,16,12,1,1286,15,81,16,576,46,928,38
ASSAM,88.66,High,600,53,543,35,9,9,538,51,258,48,275,78,729,97
WEST BENGAL,79.92,High,1452,64,1316,54,134,10,914,52,195,44,1061,77,2013,89
WEST BENGAL,73.79,High,2231,37,1832,36,355,0,2038,35,1341,36,1500,20,1059,24
WEST BENGAL,75.49,High,2956,66,2541,50,1,0,2644,65,1822,56,1961,31,1979,43
WEST BENGAL,60.13,Low,2719,22,2469,19,249,1,2180,18,1463,18,1766,16,2400,25
WEST BENGAL,73.86,High,1952,50,1732,45,214,0,1320,40,1194,46,993,40,961,54
WEST BENGAL,62.71,Low,3466,83,2560,55,899,12,2811,68,2095,75,1743,46,1786,44
WEST BENGAL,67.53,Low,5467,133,4857,110,431,7,4770,117,3555,122,1773,121,3181,150
WEST BENGAL,70.9,Low,3393,164,3064,150,85,1,3095,157,2348,161,1025,121,1451,110
WEST BENGAL,77.15,High,5569,293,5058,271,318,1,5362,270,3508,283,2935,243,4201,341
WEST BENGAL,75.58,High,3656,98,3241,89,406,4,3355,87,2690,94,1762,108,2285,142
WEST BENGAL,84.95,High,5877,299,4600,282,818,9,5344,277,4591,283,2377,226,4067,255
WEST BENGAL,82.55,High,3516,238,3330,226,173,2,3291,224,3107,235,2303,231,2608,251
WEST BENGAL,70.95,Low,4249,155,4017,146,230,3,3862,139,3543,148,1729,74,2131,98
WEST BENGAL,65.38,Low,3641,77,3459,74,122,2,3012,70,2879,59,1470,52,2101,46
WEST BENGAL,83.85,High,2845,178,2405,169,422,1,2534,159,2480,176,1369,163,1815,145
WEST BENGAL,87.14,High,1798,256,1494,246,290,5,1790,255,1797,256,1544,377,911,212
WEST BENGAL,78.57,High,5907,276,4992,241,798,12,5100,236,4078,214,2886,284,4697,285
WEST BENGAL,87.66,High,5388,217,4735,201,652,9,4228,160,3783,202,3306,152,6943,273
WEST BENGAL,79.04,High,7973,188,7254,179,562,2,7716,183,6676,177,4430,155,7065,227
WEST BENGAL,85.46,High,1066,19,685,12,323,5,903,17,602,19,542,6,428,18
WEST BENGAL,73.39,Low,1582,20,1324,20,254,0,1338,18,847,20,1099,20,747,9
JHARKHAND,62.18,Low,1079,13,1029,2,27,11,702,13,16,2,122,3,111,2
JHARKHAND,65.5,Low,1408,32,1380,10,0,22,417,24,34,13,387,4,161,15
JHARKHAND,62.14,Low,1246,12,1184,1,0,7,300,11,35,3,301,1,154,5
JHARKHAND,70.48,Low,1041,48,1008,9,22,30,368,44,57,28,319,28,194,16
JHARKHAND,68.35,Low,489,7,436,2,0,3,470,7,32,5,83,2,58,0
JHARKHAND,65.12,Low,2288,32,2169,0,8,25,878,30,225,13,212,1,99,9
JHARKHAND,66.34,Low,1504,13,1456,2,3,9,795,13,73,8,195,6,235,0
JHARKHAND,57.68,Low,1133,13,1121,0,0,4,592,11,35,5,226,0,194,0
JHARKHAND,53.73,Low,1044,16,954,4,51,12,393,13,30,7,332,0,161,15
JHARKHAND,50.17,Low,681,12,602,6,24,4,323,10,65,6,143,2,169,9
JHARKHAND,62.54,Low,1755,18,1658,3,40,14,705,17,82,8,263,0,473,6
JHARKHAND,75.71,High,1360,20,1250,0,1,15,765,19,180,18,264,5,307,0
JHARKHAND,73.48,High,1373,36,1196,2,0,30,687,32,112,21,161,2,197,2
JHARKHAND,77.13,High,1909,101,1641,28,96,68,902,89,175,62,326,17,337,29
JHARKHAND,68.29,Low,482,14,421,4,10,8,168,12,27,5,132,3,122,6
JHARKHAND,66.92,Low,1272,58,1019,17,170,26,394,41,50,20,332,34,232,31
JHARKHAND,59.54,Low,1663,27,1555,11,46,14,635,20,53,19,388,15,621,4
JHARKHAND,76.13,High,1493,53,1345,7,18,41,761,49,153,46,245,5,460,7
JHARKHAND,63.73,Low,765,5,748,2,3,3,527,5,119,2,97,0,59,0
JHARKHAND,68.85,Low,1154,10,1125,3,17,7,563,8,80,4,120,19,118,0
JHARKHAND,67.59,Low,756,57,567,11,150,42,168,35,25,18,121,31,170,18
JHARKHAND,61.23,Low,878,10,848,5,4,3,214,7,21,0,200,0,185,4
JHARKHAND,64.51,Low,727,22,619,1,79,16,332,19,24,14,109,11,203,0
JHARKHAND,73.92,High,510,19,460,0,3,16,257,16,71,11,170,10,114,12
ODISHA,73.39,Low,1033,276,976,110,7,164,977,268,129,184,467,81,842,114
ODISHA,73.39,Low,410,100,384,53,11,44,369,99,54,81,220,23,214,11
ODISHA,73.39,Low,936,161,875,79,37,77,854,160,129,130,458,114,560,77
ODISHA,73.07,Low,370,77,350,30,4,47,339,77,31,61,179,35,258,27
ODISHA,74.13,High,1802,249,1561,130,197,116,1316,225,226,195,1061,138,876,83
ODISHA,69,Low,1775,441,1683,204,43,233,1775,441,157,277,669,166,865,211
ODISHA,63.98,Low,2897,558,2791,286,71,272,2695,548,212,384,1123,228,1555,280
ODISHA,80.66,High,1628,534,1509,251,36,276,1456,519,459,374,876,277,1004,222
ODISHA,72.51,Low,1154,326,1077,170,44,150,1070,319,475,250,539,138,563,103
ODISHA,85.93,High,1218,356,1131,189,56,164,1019,310,212,251,587,192,611,189
ODISHA,87.13,High,1010,290,935,161,31,129,912,278,180,209,605,123,544,126
ODISHA,84.2,High,1579,432,1408,256,31,172,1518,424,321,318,1035,178,898,168
ODISHA,80.44,High,1387,442,1258,214,74,226,1303,439,166,257,547,200,721,227
ODISHA,79.41,High,896,255,837,134,14,121,828,247,98,187,367,70,458,57
ODISHA,78.96,High,970,236,918,112,28,124,660,188,127,171,649,198,702,164
ODISHA,79.17,High,774,164,725,91,35,70,657,160,138,119,369,72,349,47
ODISHA,87.51,High,1050,299,912,180,78,116,961,284,298,155,353,193,402,117
ODISHA,85.37,High,1316,337,1239,173,38,163,1198,329,250,226,241,223,589,268
ODISHA,71.88,Low,2409,426,2304,224,89,201,2231,415,601,327,758,205,857,193
ODISHA,54.29,Low,876,57,849,33,15,24,761,56,54,43,305,34,259,20
ODISHA,65.12,Low,1229,125,1199,54,11,71,939,121,41,89,459,64,708,52
ODISHA,83.25,High,532,60,511,29,13,31,447,59,120,39,201,19,213,14
ODISHA,74.42,High,606,108,577,44,12,61,579,107,54,97,219,59,310,28
ODISHA,65.5,Low,1333,280,1291,120,28,157,1242,270,98,184,461,84,680,62
ODISHA,58.2,Low,593,111,584,36,4,72,535,109,26,53,209,33,225,29
ODISHA,60.22,Low,1657,220,1613,89,10,127,1506,216,97,129,717,88,977,84
ODISHA,50.88,Low,1514,69,1485,42,25,27,1225,66,123,52,429,52,469,38
ODISHA,48.2,Low,1228,105,1198,53,24,52,1087,101,46,62,447,62,565,43
ODISHA,49.87,Low,1695,127,1653,87,41,40,907,109,113,91,803,119,722,72
ODISHA,49.49,Low,883,58,875,32,8,26,659,53,101,44,318,26,417,19
CHHATTISGARH,71.41,Low,993,64,954,64,35,0,869,57,507,42,514,42,389,11
CHHATTISGARH,61.16,Low,1419,55,1331,55,74,0,1264,52,557,29,688,30,621,35
CHHATTISGARH,68.6,Low,1806,24,1652,21,140,3,1447,20,254,12,657,11,711,2
CHHATTISGARH,73.7,High,2056,53,1964,51,85,2,1810,51,1857,48,1038,24,1015,16
CHHATTISGARH,73.22,Low,1549,65,1478,65,63,0,1301,64,610,37,911,46,713,25
CHHATTISGARH,73.7,High,1619,90,1532,89,83,1,1534,88,1324,82,852,49,782,40
CHHATTISGARH,71.59,Low,1794,109,1681,103,106,6,1691,104,1158,89,797,54,663,19
CHHATTISGARH,61.95,Low,1063,54,958,51,105,3,941,54,799,44,751,56,446,13
CHHATTISGARH,76.97,High,1919,70,1845,70,74,0,1696,66,1632,63,834,28,575,12
CHHATTISGARH,79.69,High,719,22,585,21,122,1,715,22,705,22,389,4,297,2
CHHATTISGARH,76.43,High,989,35,764,32,191,1,964,34,979,35,470,18,277,8
CHHATTISGARH,71.54,Low,1373,45,1280,41,87,4,1338,43,1259,45,566,15,776,8
CHHATTISGARH,78.95,High,948,25,880,25,68,0,849,25,916,25,359,12,670,3
CHHATTISGARH,70.97,Low,1637,79,1591,79,46,0,1321,63,1267,64,582,40,793,26
CHHATTISGARH,54.94,Low,1647,39,1589,38,55,1,1365,39,437,21,581,20,461,1
CHHATTISGARH,42.67,Low,610,10,596,9,13,1,413,9,84,10,428,17,385,0
CHHATTISGARH,73.39,Low,1239,37,1220,37,17,0,964,30,328,12,626,15,591,6
CHHATTISGARH,73.39,Low,435,3,428,3,7,0,152,3,66,1,144,2,139,0
CHHATTISGARH,73.39,Low,694,60,665,59,29,1,615,57,370,46,531,57,434,31
CHHATTISGARH,73.39,Low,793,6,778,6,15,0,458,6,168,4,265,6,317,3
CHHATTISGARH,73.39,Low,701,16,692,16,6,0,471,16,125,8,306,0,526,0
CHHATTISGARH,73.39,Low,868,32,815,32,52,0,841,31,849,32,360,14,364,7
CHHATTISGARH,73.39,Low,796,56,743,56,52,0,706,55,777,56,469,51,395,11
CHHATTISGARH,73.39,Low,1250,66,1184,64,66,2,1095,59,988,55,724,44,708,16
CHHATTISGARH,73.39,Low,1015,43,980,43,35,0,925,42,727,36,372,10,322,5
CHHATTISGARH,73.39,Low,1444,47,1360,47,64,0,1167,45,210,7,714,25,582,8
CHHATTISGARH,73.39,Low,1450,46,1379,46,62,0,1263,45,287,18,798,40,615,11
MADHYA PRADESH,58.02,Low,936,0,872,0,11,0,865,0,83,0,605,0,440,0
MADHYA PRADESH,72.07,Low,2183,5,1810,0,317,5,1975,5,260,3,913,1,183,0
MADHYA PRADESH,76.59,High,1806,2,1752,0,51,2,1527,2,80,2,1376,0,618,0
MADHYA PRADESH,77.93,High,1559,2,1431,0,99,2,1303,2,396,2,1045,0,369,0
MADHYA PRADESH,73.5,High,915,1,872,0,31,1,835,1,137,0,673,0,356,0
MADHYA PRADESH,63.73,Low,2363,1,2262,0,96,1,2029,1,116,1,1368,0,594,0
MADHYA PRADESH,65.1,Low,1697,0,1682,0,6,0,1544,0,84,0,673,0,486,0
MADHYA PRADESH,62.57,Low,1816,1,1778,0,30,1,1682,1,72,1,1020,0,358,0
MADHYA PRADESH,64.9,Low,2097,3,2031,0,53,3,1900,3,137,2,1031,0,519,0
MADHYA PRADESH,66.08,Low,1688,0,1627,0,57,0,1262,0,135,0,1196,0,709,0
MADHYA PRADESH,77.52,High,2341,5,2207,0,117,5,2090,5,172,4,1237,0,973,0
MADHYA PRADESH,70.92,Low,1574,1,1472,0,93,1,1271,1,100,1,1165,0,668,0
MADHYA PRADESH,73.79,High,2841,0,2687,0,135,0,2482,0,211,0,1686,0,1003,0
MADHYA PRADESH,73.42,High,3793,0,3666,0,103,0,3196,0,658,0,1197,0,572,0
MADHYA PRADESH,67.34,Low,818,0,801,0,17,0,728,0,108,0,346,0,284,0
MADHYA PRADESH,68.36,Low,1689,0,1630,0,58,0,1614,0,229,0,965,0,546,0
MADHYA PRADESH,66.09,Low,1753,0,1707,0,41,0,1661,0,98,0,359,0,778,0
MADHYA PRADESH,71.81,Low,977,1,881,0,83,1,899,1,156,1,511,0,276,0
MADHYA PRADESH,72.75,Low,1393,0,1308,0,85,0,1108,0,202,0,725,0,361,0
MADHYA PRADESH,68.03,Low,1752,0,1623,0,120,0,1555,0,162,0,499,0,360,0
MADHYA PRADESH,73.55,High,1626,3,1482,1,133,2,1402,3,193,3,1183,1,671,0
MADHYA PRADESH,70.17,Low,1011,0,892,0,110,0,880,0,129,0,644,0,403,0
MADHYA PRADESH,70.53,Low,1644,0,1574,0,60,0,1459,0,157,0,836,0,535,0
MADHYA PRADESH,44.45,Low,2030,1,1989,1,41,0,1782,1,97,1,1052,3,565,0
MADHYA PRADESH,60.57,Low,3391,1,3319,0,71,1,2984,1,311,1,1525,0,764,0
MADHYA PRADESH,82.32,High,1290,0,1115,0,155,0,1189,0,282,0,593,0,208,0
MADHYA PRADESH,63.98,Low,2837,0,2721,0,100,0,2463,0,322,0,1666,0,793,0
MADHYA PRADESH,50.23,Low,2493,1,2365,0,106,1,2161,1,205,1,898,0,553,0
MADHYA PRADESH,67.53,Low,1284,2,1155,0,108,2,1093,1,142,2,718,0,511,0
MADHYA PRADESH,62.68,Low,2065,0,1923,0,103,0,1837,0,223,0,1153,0,737,0
MADHYA PRADESH,72.08,Low,1977,0,1914,0,42,0,1649,0,106,0,1319,0,668,0
MADHYA PRADESH,82.26,High,1107,1,824,0,112,1,1029,1,389,1,802,0,402,0
MADHYA PRADESH,71.11,Low,1470,1,1401,0,37,1,1011,1,188,1,460,0,167,0
MADHYA PRADESH,74.26,High,1887,1,1862,0,16,1,1786,1,202,1,930,0,608,0
MADHYA PRADESH,70.14,Low,2125,3,2034,0,90,3,1944,3,114,3,1028,0,808,0
MADHYA PRADESH,74.04,High,606,0,545,0,55,0,564,0,80,0,288,0,141,0
MADHYA PRADESH,76.52,High,1243,1,1204,0,39,1,915,1,87,1,625,0,352,0
MADHYA PRADESH,73.62,High,1428,1,1326,0,96,1,1318,1,128,1,831,0,484,0
MADHYA PRADESH,82.47,High,1815,3,1611,0,120,3,1626,2,301,3,1118,0,738,0
MADHYA PRADESH,76.79,High,1287,1,1232,0,51,1,958,1,126,1,679,0,553,0
MADHYA PRADESH,65.47,Low,1487,1,1424,0,63,1,1239,1,104,1,957,0,508,0
MADHYA PRADESH,68.28,Low,2148,0,2093,0,55,0,1900,0,90,0,1801,0,988,0
MADHYA PRADESH,72.21,Low,2800,1,2689,0,102,1,2675,1,222,1,1050,0,927,0
MADHYA PRADESH,73.01,Low,2264,1,2161,0,101,1,1911,1,142,1,1316,0,995,0
MADHYA PRADESH,78.29,High,2105,0,2011,0,93,0,1890,0,136,0,846,0,901,0
MADHYA PRADESH,67.9,Low,1142,0,1110,0,19,0,842,0,60,0,676,0,415,0
MADHYA PRADESH,69.08,Low,1215,0,1189,0,25,0,974,0,64,0,909,0,505,0
MADHYA PRADESH,65.28,Low,563,0,521,0,28,0,483,0,115,0,331,0,311,0
MADHYA PRADESH,37.22,Low,1968,0,1938,0,27,0,1701,0,93,0,893,0,298,0
MADHYA PRADESH,62.36,Low,1569,0,1518,0,46,0,1335,0,99,0,1093,0,577,0
MADHYA PRADESH,73.39,Low,725,0,651,0,73,0,642,0,64,0,423,0,244,0
GUJARAT,71.58,Low,182,7,118,6,64,1,143,7,173,7,14,0,20,0
GUJARAT,66.39,Low,1098,21,1049,20,49,1,874,21,1083,21,272,1,287,0
GUJARAT,73.47,High,203,8,182,6,21,2,171,8,203,8,36,3,52,0
GUJARAT,84.26,High,234,3,181,1,53,2,215,3,232,3,29,0,44,0
GUJARAT,76.6,High,501,5,446,5,55,0,488,5,501,5,89,0,192,0
GUJARAT,85.78,High,169,3,120,0,49,3,169,3,169,3,28,0,18,0
GUJARAT,86.65,High,357,6,208,4,149,2,350,5,357,6,177,0,49,0
GUJARAT,73.19,Low,136,8,108,8,28,0,115,8,134,8,31,0,31,0
GUJARAT,82.2,High,107,1,35,1,72,0,105,1,107,1,11,0,2,0
GUJARAT,74.4,High,54,0,44,0,10,0,50,0,52,0,3,0,9,0
GUJARAT,76.63,High,60,1,42,0,18,1,50,1,55,1,10,0,3,0
GUJARAT,76.88,High,154,2,115,0,39,2,149,2,152,2,24,0,48,0
GUJARAT,74.49,High,73,2,46,2,27,0,73,2,73,2,12,0,11,0
GUJARAT,76.84,High,118,5,97,4,21,1,112,5,118,5,28,0,29,0
GUJARAT,85.79,High,481,1,401,1,80,0,475,1,481,1,121,0,162,0
GUJARAT,84.31,High,668,1,622,0,46,1,626,1,666,1,117,0,240,0
GUJARAT,72.32,Low,606,11,580,9,26,2,536,11,606,11,132,1,196,0
GUJARAT,60.6,Low,814,11,775,11,39,0,664,10,810,11,160,6,247,0
GUJARAT,81.21,High,607,4,568,1,39,3,599,4,607,4,220,1,199,0
GUJARAT,73.29,Low,320,5,310,4,10,1,318,5,316,5,70,0,150,0
GUJARAT,83.03,High,287,1,259,0,28,1,187,1,287,1,119,0,72,0
GUJARAT,86.65,High,640,2,560,1,80,1,631,2,640,2,168,0,168,0
GUJARAT,76.8,High,267,0,260,0,7,0,266,0,267,0,65,0,89,0
GUJARAT,84.78,High,294,1,275,1,19,0,291,1,294,1,74,0,59,0
GUJARAT,80.94,High,503,8,461,8,42,0,500,8,502,8,184,0,121,0
GUJARAT,69.23,Low,503,10,485,8,18,2,489,9,503,10,208,1,152,2
GUJARAT,73.39,Low,572,2,550,2,22,0,572,2,572,2,137,0,222,0
GUJARAT,73.39,Low,23,0,10,0,13,0,23,0,22,0,8,0,3,0
GUJARAT,73.39,Low,127,3,113,3,14,0,127,3,117,3,15,0,29,0
GUJARAT,73.39,Low,81,5,50,4,31,1,81,5,76,5,16,0,18,0
GUJARAT,73.39,Low,716,6,694,6,22,0,643,5,715,6,149,0,230,0
GUJARAT,73.39,Low,830,19,815,17,15,2,818,19,802,19,304,0,325,0
GUJARAT,73.39,Low,55,4,43,3,12,1,47,4,52,4,3,0,6,0
DAMAN & DIU,83.36,High,23,0,19,0,4,0,23,0,23,0,10,0,4,0
DAMAN & DIU,88.06,High,36,0,34,0,2,0,36,0,36,0,11,0,1,0
DADRA & NAGAR HAVELI,77.65,High,177,0,157,0,16,0,157,0,176,0,75,0,6,0
MAHARASHTRA,63.04,Low,1349,150,1253,9,96,141,1221,147,626,126,385,63,384,9
MAHARASHTRA,74.61,High,1221,224,1065,6,155,218,1190,223,994,207,234,77,426,7
MAHARASHTRA,79.73,High,1708,424,1424,7,283,416,1698,424,1375,387,395,86,454,8
MAHARASHTRA,82.09,High,1088,188,920,28,167,160,1010,186,782,177,271,69,138,14
MAHARASHTRA,87.55,High,751,124,603,12,148,112,726,124,605,114,282,44,176,27
MAHARASHTRA,81.7,High,617,85,510,4,105,81,608,84,456,79,165,37,156,21
MAHARASHTRA,88.23,High,1246,225,1003,25,239,200,1235,224,1028,220,329,142,313,42
MAHARASHTRA,87.22,High,793,104,677,3,112,101,784,104,785,103,146,33,160,6
MAHARASHTRA,89.52,High,1783,331,1193,25,544,306,1758,330,1659,331,226,109,301,35
MAHARASHTRA,85.14,High,646,112,533,12,111,99,641,112,621,112,88,21,211,25
MAHARASHTRA,85.41,High,737,67,646,16,87,51,725,67,541,67,88,2,206,0
MAHARASHTRA,70.55,Low,1218,62,1162,15,54,47,1007,62,547,59,232,12,265,3
MAHARASHTRA,81.35,High,1207,126,1059,15,134,110,1189,125,1047,124,259,33,297,16
MAHARASHTRA,80.7,High,1560,177,1350,31,206,146,1518,177,1317,173,352,37,230,11
MAHARASHTRA,76.94,High,1807,239,1515,12,291,227,1685,239,954,214,501,42,429,32
MAHARASHTRA,76.04,High,610,84,527,30,82,54,587,83,411,80,209,46,173,33
MAHARASHTRA,75.22,High,759,167,615,50,144,117,710,166,457,156,302,78,237,72
MAHARASHTRA,73.61,High,1166,154,988,36,175,118,1103,152,710,143,288,38,339,41
MAHARASHTRA,80.4,High,1723,215,1380,42,339,173,1560,215,1466,208,362,60,275,33
MAHARASHTRA,80.96,High,3073,332,2715,10,350,322,2978,332,2557,306,607,65,627,10
MAHARASHTRA,86.18,High,1440,191,1097,2,304,189,1368,190,1154,191,346,43,331,17
MAHARASHTRA,90.9,High,1410,39,182,39,1134,0,1397,39,1407,39,70,34,18,4
MAHARASHTRA,88.48,High,5,814,0,0,5,814,5,814,5,814,0,92,0,19
MAHARASHTRA,83.89,High,2312,196,2162,7,126,183,2189,195,1964,186,424,24,639,3
MAHARASHTRA,87.19,High,3541,442,3004,13,507,429,3444,440,3229,435,616,165,748,49
MAHARASHTRA,80.22,High,3363,397,3088,5,275,392,3256,395,2977,380,579,123,657,30
MAHARASHTRA,73.53,High,2133,269,1943,21,190,248,1921,266,1007,245,755,75,664,31
MAHARASHTRA,79.03,High,1007,226,757,6,250,220,986,225,753,212,228,52,243,38
MAHARASHTRA,76.33,High,762,178,625,49,136,129,735,177,508,173,240,61,178,22
MAHARASHTRA,77.72,High,2549,423,2159,8,380,415,2525,422,2094,404,483,114,482,75
MAHARASHTRA,84.2,High,2080,266,1931,1,139,264,2003,263,1756,264,520,142,422,60
MAHARASHTRA,82.43,High,1818,94,1739,0,72,94,1754,94,1626,94,226,46,503,21
MAHARASHTRA,86.54,High,983,68,949,0,34,68,947,68,958,68,183,62,375,13
MAHARASHTRA,82.9,High,1462,294,1148,4,307,290,1414,292,1221,290,311,115,316,8
MAHARASHTRA,82.62,High,1455,269,1238,7,216,262,1451,269,909,262,322,120,295,38
MAHARASHTRA,73.39,Low,1769,97,1650,6,103,87,1694,97,1336,96,386,28,367,11
ANDHRA PRADESH,62.3,Low,2396,541,2249,395,143,143,2194,515,2280,528,1007,319,1043,218
ANDHRA PRADESH,59.49,Low,2354,448,2131,275,223,173,2086,428,2053,415,959,265,682,167
ANDHRA PRADESH,67.7,Low,3417,623,3118,336,291,285,2852,611,2375,606,1585,338,1527,212
ANDHRA PRADESH,71.35,Low,3817,978,3257,557,549,420,3629,958,3566,974,1059,247,1048,237
ANDHRA PRADESH,74.32,High,2791,681,2354,396,433,283,2725,665,2629,675,979,308,979,238
ANDHRA PRADESH,74.37,High,2568,788,1841,376,720,409,2491,769,2294,781,718,359,648,190
ANDHRA PRADESH,67.99,Low,2964,659,2488,382,434,272,2832,644,2860,653,1299,364,978,187
ANDHRA PRADESH,63.53,Low,2857,729,2396,367,432,354,2751,710,2624,709,1160,323,895,163
ANDHRA PRADESH,69.15,Low,2978,682,2554,352,398,329,2857,633,2801,645,1075,398,928,233
ANDHRA PRADESH,67.88,Low,3028,786,2578,361,431,425,2888,741,2815,729,1046,308,689,179
ANDHRA PRADESH,61.13,Low,2326,818,1808,429,476,389,2197,762,2053,754,1743,445,771,129
ANDHRA PRADESH,64.28,Low,3077,922,2651,552,414,370,2953,870,2912,842,1694,575,1354,350
ANDHRA PRADESH,72.36,Low,4220,1080,3697,590,517,489,3993,1017,4119,1048,1224,438,1067,233
KARNATAKA,73.94,High,729,28,592,13,137,15,673,27,701,28,237,0,166,0
KARNATAKA,69.39,Low,668,29,482,22,186,7,598,27,648,29,188,7,114,0
KARNATAKA,67.2,Low,1300,31,841,22,459,9,1089,30,1145,30,332,8,157,0
KARNATAKA,65.65,Low,1233,46,800,33,430,13,1046,44,1117,45,306,6,222,0
KARNATAKA,71.01,Low,871,24,528,21,343,3,730,22,776,22,223,6,97,0
KARNATAKA,60.46,Low,914,38,697,29,217,9,656,34,895,38,288,13,189,10
KARNATAKA,67.28,Low,540,33,393,26,147,7,457,32,478,33,158,3,137,2
KARNATAKA,75.18,High,270,17,186,13,84,4,250,17,268,17,87,3,58,1
KARNATAKA,80.3,High,358,19,222,13,136,6,310,18,331,19,95,1,71,1
KARNATAKA,84.03,High,526,16,498,4,28,12,424,16,526,16,225,2,144,0
KARNATAKA,77.6,High,582,24,471,19,111,5,574,22,573,24,225,7,238,1
KARNATAKA,67.85,Low,758,49,527,39,231,10,659,42,719,48,285,3,268,0
KARNATAKA,73.82,High,935,23,857,21,78,2,829,22,926,23,370,12,318,0
KARNATAKA,76.3,High,814,19,646,18,168,1,721,18,772,19,307,0,404,2
KARNATAKA,80.5,High,1023,20,949,15,74,5,856,17,973,20,453,8,167,1
KARNATAKA,86.29,High,274,7,247,4,27,3,235,7,267,7,153,0,140,0
KARNATAKA,79.24,High,854,20,806,19,48,1,772,20,839,20,307,0,215,0
KARNATAKA,74.32,High,1464,14,1401,13,63,1,1286,13,1432,14,652,3,571,0
KARNATAKA,74.33,High,1289,20,1219,20,69,0,1188,20,1244,20,506,3,545,0
KARNATAKA,73.39,Low,689,19,440,4,241,15,641,18,689,19,142,0,84,0
KARNATAKA,78.29,High,744,6,692,5,52,1,706,6,736,6,247,0,188,0
KARNATAKA,70.14,Low,983,30,917,26,66,4,947,29,983,30,489,5,415,0
KARNATAKA,75.89,High,1480,29,1410,29,70,0,1463,28,1476,29,714,3,564,0
KARNATAKA,88.62,High,334,11,281,9,53,2,306,10,334,11,165,0,158,0
KARNATAKA,82.52,High,168,5,140,5,28,0,162,5,160,5,47,0,45,0
KARNATAKA,72.56,Low,1091,29,958,24,133,5,1033,29,1059,29,426,9,315,0
KARNATAKA,61.12,Low,416,18,371,18,45,0,324,16,370,18,168,1,126,0
KARNATAKA,88.48,High,433,7,236,1,197,6,379,7,433,7,102,0,37,0
KARNATAKA,70.08,Low,1012,20,961,17,49,3,876,20,978,19,423,7,358,0
KARNATAKA,73.39,Low,969,44,785,26,184,18,837,43,707,44,282,0,150,0
KARNATAKA,73.39,Low,824,16,785,15,39,1,741,16,796,16,187,0,404,0
KARNATAKA,69.2,Low,935,22,904,22,31,0,861,22,934,22,311,3,398,3
KARNATAKA,52.36,Low,651,18,465,17,186,1,499,14,572,18,141,4,206,0
KARNATAKA,73.39,Low,659,9,646,8,13,1,483,9,640,9,286,4,202,0
GOA,88.85,High,602,144,466,44,136,100,591,141,601,144,140,39,50,13
GOA,85.53,High,371,74,290,30,81,44,359,72,369,74,104,57,39,26
LAKSHADWEEP,92.28,High,17,0,17,0,0,0,15,0,17,0,19,0,10,0
KERALA,89.85,High,373,6,143,2,196,4,367,6,328,5,309,2,110,3
KERALA,95.41,High,856,4,116,0,648,4,847,4,822,4,859,9,129,3
KERALA,89.32,High,207,3,90,2,103,1,163,3,141,3,203,2,154,6
KERALA,95.24,High,922,12,183,3,591,9,871,11,886,10,1039,9,273,17
KERALA,93.55,High,1053,10,347,1,623,8,1032,10,990,10,1268,6,578,0
KERALA,88.49,High,688,13,197,3,422,10,647,13,633,13,970,13,317,13
KERALA,95.32,High,571,33,120,5,422,28,562,33,545,33,647,17,114,10
KERALA,95.68,High,560,58,188,4,321,54,547,57,543,58,657,56,266,11
KERALA,92.2,High,384,24,118,12,239,12,326,24,286,24,253,9,64,6
KERALA,96.4,High,523,60,174,4,316,56,512,59,518,60,470,49,122,0
KERALA,96.26,High,483,45,200,3,229,41,471,44,468,44,463,39,100,10
KERALA,96.93,High,492,38,168,2,273,36,479,38,477,38,425,45,82,7
KERALA,93.77,High,641,34,277,5,232,29,639,34,624,34,467,31,196,10
KERALA,92.66,High,675,31,307,8,267,21,651,27,655,31,824,59,334,6
TAMIL NADU,83.82,High,1467,166,959,148,498,18,1430,163,1454,166,493,60,386,30
TAMIL NADU,90.33,High,643,83,128,47,514,36,641,82,642,83,20,7,9,7
TAMIL NADU,85.29,High,1378,159,868,120,510,39,1357,157,1373,159,324,66,286,13
TAMIL NADU,79.65,High,2094,197,1439,171,655,26,2033,190,2050,193,726,25,389,9
TAMIL NADU,64.71,Low,948,129,830,117,118,12,923,125,930,125,248,10,334,12
TAMIL NADU,74.72,High,1605,217,1301,197,304,20,1581,210,1603,217,539,63,939,38
TAMIL NADU,72.08,Low,1842,220,1354,185,486,34,1840,220,1825,217,834,72,713,29
TAMIL NADU,73.23,Low,1425,148,1101,131,319,17,1390,143,1415,148,492,37,378,5
TAMIL NADU,74.92,High,822,70,689,59,127,11,816,70,814,70,242,12,217,2
TAMIL NADU,72.96,Low,1477,131,1198,101,271,30,1476,131,1470,131,428,30,271,29
TAMIL NADU,85.65,High,408,68,244,53,164,15,380,66,378,66,113,43,30,8
TAMIL NADU,84.31,High,1767,165,1279,132,475,33,1751,165,1737,165,521,64,345,6
TAMIL NADU,76.85,High,1294,118,950,79,340,39,1255,115,1268,118,516,15,280,6
TAMIL NADU,75.86,High,655,63,539,52,116,11,648,62,652,63,202,11,128,5
TAMIL NADU,83.56,High,1281,142,859,114,422,28,1259,140,1265,141,482,46,512,18
TAMIL NADU,74.68,High,776,132,575,110,201,22,761,128,770,131,370,41,101,8
TAMIL NADU,79.04,High,1365,151,917,127,448,24,1338,149,1357,151,539,91,304,35
TAMIL NADU,84.09,High,951,110,575,92,376,18,929,108,929,110,299,58,202,27
TAMIL NADU,83.26,High,799,80,590,66,202,14,795,80,789,79,268,66,176,32
TAMIL NADU,82.72,High,1319,155,938,125,374,30,1303,150,1300,154,605,42,266,17
TAMIL NADU,77.76,High,1268,122,1044,106,224,16,1268,122,1259,122,500,77,476,12
TAMIL NADU,80.46,High,980,100,731,70,227,30,970,99,970,100,345,11,294,20
TAMIL NADU,81.66,High,1301,122,798,95,501,27,1274,121,1271,121,523,49,283,11
TAMIL NADU,77.62,High,527,50,327,38,199,12,494,45,512,50,126,15,183,4
TAMIL NADU,80.75,High,1103,119,642,89,461,30,1085,116,1084,118,239,28,266,12
TAMIL NADU,81.48,High,1041,86,771,64,268,22,1005,84,1016,83,427,22,258,18
TAMIL NADU,86.52,High,1190,76,500,30,688,46,1154,75,1115,76,174,3,240,9
TAMIL NADU,82.92,High,1804,131,643,62,1145,69,1784,130,1640,131,250,19,264,30
TAMIL NADU,92.14,High,574,116,295,75,272,41,563,114,564,116,57,35,88,24
TAMIL NADU,72.41,Low,1275,169,1134,165,141,4,1197,158,1272,167,312,39,363,26
PUDUCHERRY,80.26,High,15,6,15,6,0,0,15,6,15,6,5,0,0,0
PUDUCHERRY,86.13,High,178,25,156,25,22,0,178,25,178,25,24,6,33,0
PUDUCHERRY,98.35,High,11,1,8,1,3,0,11,1,11,1,5,0,0,0
PUDUCHERRY,87.83,High,74,4,60,4,14,0,73,4,74,4,11,0,7,3
A & N ISLANDS,88.49,High,81,0,56,0,25,0,78,0,79,0,68,0,18,0
A & N ISLANDS,77.5,High,30,0,30,0,0,0,24,0,20,0,32,0,6,0
A & N ISLANDS,84.25,High,107,0,99,0,8,0,66,0,72,0,102,0,62,0
TELANGANA,61.55,Low,3080,476,2978,432,71,44,2603,460,2438,473,1316,345,901,263
TELANGANA,62.25,Low,1610,495,1493,465,73,30,1499,487,1339,485,996,331,674,290
TELANGANA,64.87,Low,2126,794,2000,697,103,97,2036,778,1919,778,865,374,779,290
TELANGANA,62.53,Low,2018,578,1917,544,75,34,1879,568,1675,565,1474,494,981,286
TELANGANA,80.96,High,1565,1153,505,188,954,955,1538,1137,1422,1110,499,291,114,36
TELANGANA,78.05,High,1789,549,1592,473,158,76,1683,535,1437,529,1216,488,597,173
TELANGANA,56.06,Low,2809,701,2608,632,164,69,2544,681,2250,666,1890,517,1318,387
TELANGANA,65.05,Low,2424,704,2294,619,110,84,2323,695,1877,683,1338,362,827,208
TELANGANA,66.16,Low,2373,646,2235,555,102,91,2257,640,1749,632,1143,350,808,225
TELANGANA,65.46,Low,2154,427,2067,393,80,34,1944,419,1927,423,1068,276,889,157
,73.39483824,,,,,,,,,,,,,,,
